{"cameraMode":{"drawMode":0,"name":"Shaded","section":"Shading Mode"},"sceneLighting":true,"audioPlay":false,"sceneViewState":{"showFog":true,"showMaterialUpdate":false,"showSkybox":true,"showFlares":true,"showImageEffects":true,"showParticleSystems":true},"in2DMode":false,"pivot":{"x":-5.1746439933776859,"y":-3.591813564300537,"z":10.100549697875977},"rotation":{"x":0.13745197653770448,"y":-0.8227989673614502,"z":0.2245384305715561,"w":0.5036777257919312},"size":9.067484855651856,"orthographic":false}