{"cameraMode":{"drawMode":0,"name":"Shaded","section":"Shading Mode"},"sceneLighting":true,"audioPlay":false,"sceneViewState":{"showFog":true,"showMaterialUpdate":false,"showSkybox":true,"showFlares":true,"showImageEffects":true,"showParticleSystems":true},"in2DMode":false,"pivot":{"x":2.971681833267212,"y":1.4772402048110963,"z":0.8699628114700317},"rotation":{"x":0.18713155388832093,"y":0.8082631230354309,"z":-0.43978384137153628,"w":0.34392252564430239},"size":12.164423942565918,"orthographic":false}