{"cameraMode":{"drawMode":0,"name":"Shaded","section":"Shading Mode"},"sceneLighting":true,"audioPlay":false,"sceneViewState":{"showFog":true,"showMaterialUpdate":false,"showSkybox":true,"showFlares":true,"showImageEffects":true,"showParticleSystems":true},"in2DMode":false,"pivot":{"x":7.378223896026611,"y":-0.053258784115314487,"z":0.0032292604446411134},"rotation":{"x":0.2621603310108185,"y":0.6434450149536133,"z":-0.25016826391220095,"w":0.6742895245552063},"size":16.78597068786621,"orthographic":false}