{"cameraMode":{"drawMode":0,"name":"Shaded","section":"Shading Mode"},"sceneLighting":true,"audioPlay":false,"sceneViewState":{"showFog":true,"showMaterialUpdate":false,"showSkybox":true,"showFlares":true,"showImageEffects":true,"showParticleSystems":true},"in2DMode":false,"pivot":{"x":15.419137001037598,"y":14.140483856201172,"z":-18.096115112304689},"rotation":{"x":-0.15096068382263184,"y":-0.05868485942482948,"z":0.008977830410003662,"w":-0.9867554903030396},"size":28.832050323486329,"orthographic":true}