{"cameraMode":{"drawMode":0,"name":"Shaded","section":"Shading Mode"},"sceneLighting":true,"audioPlay":false,"sceneViewState":{"showFog":true,"showMaterialUpdate":false,"showSkybox":true,"showFlares":true,"showImageEffects":true,"showParticleSystems":true},"in2DMode":false,"pivot":{"x":5.655137538909912,"y":-14.993842124938965,"z":9.988752365112305},"rotation":{"x":-0.4787071645259857,"y":-0.42083173990249636,"z":0.2807427644729614,"w":-0.7175817489624023},"size":63.18892288208008,"orthographic":false}