{"cameraMode":{"drawMode":0,"name":"Shaded","section":"Shading Mode"},"sceneLighting":true,"audioPlay":false,"sceneViewState":{"showFog":true,"showMaterialUpdate":false,"showSkybox":true,"showFlares":true,"showImageEffects":true,"showParticleSystems":true},"in2DMode":false,"pivot":{"x":2.8109395503997804,"y":1.5605578422546387,"z":-6.096521377563477},"rotation":{"x":0.2825418710708618,"y":0.6982171535491943,"z":-0.35714036226272585,"w":0.5523709654808044},"size":7.866084098815918,"orthographic":false}