{"cameraMode":{"drawMode":0,"name":"Shaded","section":"Shading Mode"},"sceneLighting":true,"audioPlay":false,"sceneViewState":{"showFog":true,"showMaterialUpdate":false,"showSkybox":true,"showFlares":true,"showImageEffects":true,"showParticleSystems":true},"in2DMode":false,"pivot":{"x":5.121133327484131,"y":1.6914935111999512,"z":4.8136820793151859},"rotation":{"x":0.24572813510894776,"y":0.7362790107727051,"z":-0.5301088690757752,"w":0.34131452441215517},"size":20.71474266052246,"orthographic":true}