{"cameraMode":{"drawMode":0,"name":"Shaded","section":"Shading Mode"},"sceneLighting":true,"audioPlay":false,"sceneViewState":{"showFog":true,"showMaterialUpdate":false,"showSkybox":true,"showFlares":true,"showImageEffects":true,"showParticleSystems":true},"in2DMode":false,"pivot":{"x":2.5719776153564455,"y":-0.05268705263733864,"z":-3.9979310035705568},"rotation":{"x":-0.13448618352413178,"y":-0.8633029460906982,"z":0.3090842068195343,"w":-0.3756174147129059},"size":13.431158065795899,"orthographic":true}