{"cameraMode":{"drawMode":0,"name":"Shaded","section":"Shading Mode"},"sceneLighting":true,"audioPlay":false,"sceneViewState":{"showFog":true,"showMaterialUpdate":false,"showSkybox":true,"showFlares":true,"showImageEffects":true,"showParticleSystems":true},"in2DMode":false,"pivot":{"x":4.260077953338623,"y":-0.8171922564506531,"z":2.8338825702667238},"rotation":{"x":-0.053526245057582858,"y":0.9446374177932739,"z":-0.2571791410446167,"w":-0.19660618901252747},"size":5.805838108062744,"orthographic":false}