{"cameraMode":{"drawMode":0,"name":"Shaded","section":"Shading Mode"},"sceneLighting":true,"audioPlay":false,"sceneViewState":{"showFog":true,"showMaterialUpdate":false,"showSkybox":true,"showFlares":true,"showImageEffects":true,"showParticleSystems":true},"in2DMode":false,"pivot":{"x":0.28289222717285159,"y":1.5336779356002808,"z":0.47750282287597659},"rotation":{"x":-0.04360990971326828,"y":0.8871212601661682,"z":-0.08570341765880585,"w":-0.4514077603816986},"size":5.914821147918701,"orthographic":false}