{"cameraMode":{"drawMode":0,"name":"Shaded","section":"Shading Mode"},"sceneLighting":true,"audioPlay":false,"sceneViewState":{"showFog":true,"showMaterialUpdate":false,"showSkybox":true,"showFlares":true,"showImageEffects":true,"showParticleSystems":true},"in2DMode":false,"pivot":{"x":8.147477149963379,"y":-4.113014221191406,"z":7.04089879989624},"rotation":{"x":-0.38784536719322207,"y":-0.515588641166687,"z":0.2815399169921875,"w":-0.7102673649787903},"size":39.25885772705078,"orthographic":false}