{"cameraMode":{"drawMode":0,"name":"Shaded","section":"Shading Mode"},"sceneLighting":true,"audioPlay":false,"sceneViewState":{"showFog":true,"showMaterialUpdate":false,"showSkybox":true,"showFlares":true,"showImageEffects":true,"showParticleSystems":true},"in2DMode":false,"pivot":{"x":3.1303725242614748,"y":0.9875011444091797,"z":11.36790943145752},"rotation":{"x":-0.15566830337047578,"y":-0.007991718128323555,"z":0.001245636958628893,"w":-0.9877763390541077},"size":14.353300094604493,"orthographic":false}