{"cameraMode":{"drawMode":0,"name":"Shaded","section":"Shading Mode"},"sceneLighting":true,"audioPlay":false,"sceneViewState":{"showFog":true,"showMaterialUpdate":false,"showSkybox":true,"showFlares":true,"showImageEffects":true,"showParticleSystems":true},"in2DMode":false,"pivot":{"x":-0.29189980030059817,"y":1.1999999284744263,"z":-0.45254239439964297},"rotation":{"x":-0.12266749143600464,"y":0.022622544318437578,"z":-0.002796966815367341,"w":-0.9921860694885254},"size":0.36480262875556948,"orthographic":false}