{"cameraMode":{"drawMode":0,"name":"Shaded","section":"Shading Mode"},"sceneLighting":true,"audioPlay":false,"sceneViewState":{"showFog":true,"showMaterialUpdate":false,"showSkybox":true,"showFlares":true,"showImageEffects":true,"showParticleSystems":true},"in2DMode":false,"pivot":{"x":8.335622787475586,"y":1.0693986415863038,"z":-6.6566948890686039},"rotation":{"x":0.03147372603416443,"y":0.9674760103225708,"z":-0.15305249392986298,"w":0.19893376529216767},"size":22.479944229125978,"orthographic":true}