{"cameraMode":{"drawMode":0,"name":"Shaded","section":"Shading Mode"},"sceneLighting":true,"audioPlay":false,"sceneViewState":{"showFog":true,"showMaterialUpdate":false,"showSkybox":true,"showFlares":true,"showImageEffects":true,"showParticleSystems":true},"in2DMode":false,"pivot":{"x":-4.700504302978516,"y":4.576828956604004,"z":1.5586518049240113},"rotation":{"x":0.10628779232501984,"y":-0.014018591493368149,"z":0.0015026238979771734,"w":0.9942355155944824},"size":4.094654083251953,"orthographic":false}