{"cameraMode":{"drawMode":0,"name":"Shaded","section":"Shading Mode"},"sceneLighting":false,"audioPlay":false,"sceneViewState":{"showFog":true,"showMaterialUpdate":false,"showSkybox":false,"showFlares":true,"showImageEffects":true,"showParticleSystems":true},"in2DMode":false,"pivot":{"x":1.7055630683898926,"y":-0.29291945695877077,"z":13.184473991394043},"rotation":{"x":0.4942512810230255,"y":0.22318890690803529,"z":-0.13296926021575929,"w":0.8295911550521851},"size":2.9136598110198976,"orthographic":true}