{"cameraMode":{"drawMode":0,"name":"Shaded","section":"Shading Mode"},"sceneLighting":true,"audioPlay":false,"sceneViewState":{"showFog":true,"showMaterialUpdate":false,"showSkybox":true,"showFlares":true,"showImageEffects":true,"showParticleSystems":true},"in2DMode":false,"pivot":{"x":-8.470171928405762,"y":3.88665771484375,"z":6.1791090965271},"rotation":{"x":0.34820982813835146,"y":-0.026418263092637063,"z":0.009819268248975277,"w":0.936992883682251},"size":22.27554702758789,"orthographic":true}